ProductID,ProductName,ProductGroupID,Description,Manufacturer,WarrantyPeriod,UnitPrice,StockLevel,SKU,Barcode
c14f580e-8975-42f8-9a53-3e5f85380f45,where,ccb83c8f-72d6-4ee3-a284-b617c70b597e,Exist move home spend appear news manager.,Williams-Miller,27,725.9153197705336,83,60901033,8914292271234
909b4187-8b78-470c-863f-64e013c63393,positive,b098a15c-48cf-43a8-9721-263f6d930d3a,Lose there decision down.,"Miller, Tanner and Malone",28,857.1047144963521,247,77584137,5533182159426
b836e4f3-17f5-4727-b689-716cc6725d34,when,dc62fe05-6647-4f9e-b5e5-8c00417b2eac,Difficult lot direction five indeed last.,"Brown, Taylor and Ortega",28,261.9793017494284,107,17629386,0545295837264
071d35ed-3ebb-4fd6-894e-7c365c375b76,fact,a95cc52d-46dd-4234-8cd0-3cbe6483e4ac,Blue ask economic admit girl must.,Brooks PLC,25,595.8206241548532,34,58136812,2271285008564
37892df3-fe6a-4292-8df1-474823cb1cff,operation,707a4cc9-80e7-4329-aadf-49410e075b2e,Science man religious agent religious better statement.,Sandoval-Elliott,33,160.68088241542992,44,16586475,8279447029062
6cc01ff3-3eca-45c9-8196-281b57cbf1e2,population,b3f608b8-8bd7-491f-bfe0-86d7406170c5,Wrong even ground music such share.,Conway-Beck,17,291.3564723224952,280,51952112,8714840125145
5845b7ff-9bed-40c8-9043-b7b5c62eedc1,current,af6ef70b-48d7-40fa-9509-c19416793eac,Character century want some environmental describe free.,Mitchell Inc,29,408.66541361077907,485,65142431,0071703332743
972a2632-4993-4ea6-8b05-d427d8fc4c93,summer,528b2807-13c9-4600-b946-6a359255b3eb,Reveal clear cold walk magazine.,"Spencer, Wilkins and Morales",11,79.46491593660424,432,04102908,2839582088742
f75fcbaf-be74-42f9-bed4-7d3dd54d10e5,eye,fd8eb558-bbdc-4a48-a2d5-cf85e30dfaac,Thousand point magazine this run interesting reveal common.,"Weeks, Hughes and Bailey",10,671.4038690442579,294,27092576,3770879907058
b6c9b40f-1665-4700-a603-75917249f65f,successful,22d9114a-da12-4767-8630-96db1a1868c0,Ever keep condition theory contain money.,"Olsen, Whitaker and Zimmerman",22,809.5421511068503,193,10177402,5823281463730
66556e4c-5614-412c-a19c-c80a07a15675,color,b226eb0e-329e-4a0a-833a-e9ade2b0e3f4,Leg call later believe myself forget follow risk.,King Group,33,587.9641207968153,189,06489007,5998631910988
b4523b71-a823-43f5-ade3-8b667f48dcb1,great,759ad253-856d-424d-b0a4-15fa53a6b104,Sound start marriage book apply character.,"Aguilar, Hall and Bell",33,576.846867990931,417,81303731,6108591815387
cfe0d83c-4d70-4daa-a29b-a7fbbb895de3,score,f0e3d9c6-1ffd-401d-a550-88d757a0bc34,A course deep.,Winters-Yang,19,308.6436518970339,201,40759579,4357061315519
30e44a27-0374-450e-848d-59b0651718c0,use,7cb95063-cc2b-46a1-8d1b-d9c067e9522a,Soldier both letter sit simple recognize.,"Ortiz, Foster and Ellis",22,593.4456487410641,247,37921866,3750287533971
5439c045-7c20-4b94-8850-e0569f00b7d2,less,2c376f21-e6f5-4eb0-827f-c8b784ce0019,Personal among author.,Burns-Martinez,35,642.186122999212,51,13484309,2163570932060
0bf5d3a4-0f41-44d3-a947-66314e3fc226,speak,49d81138-b141-4837-bfa8-3abd0c4c2cc5,Difficult big our responsibility woman should than.,Jenkins-Peters,6,128.89969011488347,446,97369578,9504721477857
4ed5d9f4-182a-4001-b717-42abab7d46c1,today,d6c7df2c-e027-4ad2-a9a9-0afaf0253b93,Structure address social feeling.,"Cain, Miles and Palmer",17,149.49621313984963,364,42973096,8091848670618
d43a2ebd-a393-4bf5-83cf-bd706447b21f,attorney,5c8d0bc6-25bb-420e-8b17-6fb02fbf8695,Meeting firm treat area method study among.,Vargas PLC,20,155.76969557131181,131,97941040,3176596394537
f72f7af0-8145-4ec7-9243-9b21f810e30d,return,3adef3da-0bbe-4bf9-b1a6-0d3d3365433e,Eight again economy.,Sanders-Johnson,31,465.8546707580495,419,79780926,6738820734365
c8e0979f-dffc-4569-a556-c7b31d31baa4,after,a8ea6608-ca60-43d9-b6fd-8bf0c302f549,Travel rock continue enter people table decide.,Carr-Davis,2,209.97328746406205,189,00131100,3054807273027
cbeae11d-41c8-40da-9029-2a57caadcc3a,guess,17061b6e-a511-4131-8bff-79ab5929f51d,These according identify.,Adams Ltd,28,542.197394882,492,69829086,7587199371768
0d7fe84e-05c3-440e-a9af-cd29c2d0f744,artist,6c6af074-a9ed-4ea0-86af-d4a53b1939df,Traditional small down take.,Watson Group,33,23.81407347446973,57,55588577,8256984915997
28c60b6a-de07-4e12-ac57-3f19be352e33,require,31ec2fc4-5e8a-4ea9-9ea0-923041713db1,Leg eye interest relationship involve garden describe.,Alvarez-Howard,26,413.3297027577208,199,43853250,5008445381413
eae31579-a062-452e-91d4-272f4233ad93,your,7c976670-d78d-47c8-b998-14ec91cf7060,Reveal certainly number various customer factor.,"Olsen, Daniels and Jones",6,313.77979451245693,296,74254781,9868606549306
72a9dc43-1fe9-44b8-9466-d20270620985,technology,a5121e5f-17b8-4d0c-b4ce-4e62a476f37b,Official particularly possible professional result nearly.,"Mitchell, Bates and Jarvis",6,120.26728658415207,410,75727796,7228466720833
285c138d-70e5-4334-b3de-e9f7751d6410,cover,9644d446-f901-4cd9-af6c-16b1c7830565,Must certain Republican despite theory respond bring drop.,Vazquez Inc,34,480.01924000617635,489,98229024,6446934598154
ba1eedda-804b-4cf6-8928-6e5be81f01c3,half,550a861c-70e8-4cbf-a23b-86f7129c00e9,All direction director our situation.,"Perry, Townsend and Freeman",33,215.19809939674627,453,50997039,3640708784177
167b646d-cf17-42a8-8955-11964ab07dc0,create,39368bfd-5f68-4bd8-8617-f86e7b14c7e1,History rock daughter.,Hayes-Campbell,11,424.4974468408086,137,60864956,7947291604957
7abb55b4-74f8-4f63-8f73-ebb278a94337,just,7e01a630-f0ed-4469-aa4a-9fd0ab8819c3,Lawyer tough actually investment in.,Aguilar and Sons,8,977.4768792880485,443,85333208,4050443183705
87d0e34b-4d76-4f5b-a2fd-7d6b1e941220,hair,1b20b961-4db7-415e-ae30-7cce534babd5,Management similar capital black word around investment.,Davila Group,10,395.1200947269573,130,38401367,4752472539460
1dbb8ddf-62c8-47dc-826d-15af39404171,financial,1bd7e76a-a962-414d-b4b8-dea1742c082c,Growth bar common resource.,Spence Ltd,17,727.1129743898662,94,83343537,7244748270537
7afc5022-edea-4829-9b12-955c0fefd2e3,bill,66cd0d69-af31-454b-bf05-ae3ac5f8293c,Give local know throw they dog we.,"Adams, Christensen and Mooney",19,479.9263279391059,86,02281285,6510129531933
f321a627-e6e8-4b43-bad4-a8d773200da4,doctor,84323507-26ba-4ddf-b0fc-526b4da701de,Late modern fill another author brother.,Hill Ltd,27,486.6451814029832,339,30971417,6512016936616
bb56c873-7551-48f1-91b3-282f1c8cfe53,computer,a810887d-9ef2-473a-8317-ad39637e89a3,Coach up other many receive several.,"Hall, Lyons and Mcdonald",22,785.6873570907279,367,54540521,2565057569606
bc07f7de-4faa-4d95-8e89-9c3dec1dcede,six,0835376d-fc48-46cc-aa9f-694713d65ac6,Career soldier draw no campaign fish person.,"Thomas, Robinson and Peterson",17,542.7520121628027,101,50741779,4191155819732
cb508e9a-786b-4f7a-a5b9-217284fa513e,computer,c70150e0-ba0c-4c01-8c99-37c93d1e1d34,Clear hand economic cut.,Gonzalez LLC,8,301.11486402307304,451,34155585,9801930753322
c751ef34-0a19-41b9-bf65-0e92e836e2b3,western,44ec31a8-4f17-415b-976c-116a5548039c,Show explain better town expect boy growth way.,"Pennington, Douglas and Howard",9,442.3452126613796,80,02180731,1881576898128
a4d15b44-c936-48d1-81ab-318fabe0e4fd,another,943b7731-d063-4bab-bf6a-e7871e51407d,Item political reach after such fall reason.,Brown-Mcintosh,8,922.4771177565642,411,54573901,5460283301853
b8c09f04-b9bb-4428-a7f7-d6220847b1b9,evening,d636396d-29d0-4531-af9e-1f076c2c913a,Else take with PM go.,Martinez Ltd,11,838.5803145160995,230,48307826,5535313470097
80c4fb4f-e6c9-4a91-b07e-55f9c0eb6246,move,60769d6b-0f31-4129-bb4b-1071ef300558,Degree item open five such.,Morris PLC,27,612.4326916567902,100,60224552,3681030002973
a2bb1a53-a85f-435f-bd36-d12d97b230ce,about,42e2d657-e159-4148-93b9-bf892e9ce988,Water who without evidence.,Harrison-Stephens,5,402.1281911780602,498,57000985,6766918272062
4159c06b-b8dd-4dc1-b950-5c8325fcef43,common,74eca283-cc4a-4af5-9e6c-89235eb92a61,Both fast magazine bad expect local police.,Downs-Rivera,10,50.27945294262068,455,21970757,8950938822309
d8f8b110-4f15-459c-b0fe-f98e44bccef2,around,466f71ff-ad57-4209-94bd-c58d3b499086,Life what standard concern base well finally.,"Freeman, Jones and Woodard",12,678.2463561745852,369,59260875,9609845925328
73d5f78a-76fe-4048-b4e4-a93350f9d728,wonder,ac8f406d-97be-43e2-ab5c-bab6b3feaefb,Final college today half deal.,"Carey, Smith and Levy",25,147.35949738658,497,65675441,0002868857567
409261ab-1097-4a65-9902-c78bf54cd498,interesting,cec07da5-5800-49a7-ba96-e5416b21d4c4,Significant some personal cup.,Lee-Smith,8,110.49697708931699,482,35660170,1606528049829
c0e614b5-120d-451a-8239-6978106a26fd,evening,c85982ae-b825-4a7d-847f-cc4e4db09fcd,Writer often picture floor moment.,"Howell, Castillo and Bryant",10,564.8929217694571,28,45053658,1678972194363
006626af-ac8a-4145-8b18-367e7e15e21b,can,9d5115fb-2fab-4b3e-994d-5856e776a6d8,Consumer wide husband wide former.,Le and Sons,8,406.49547178172594,106,89964330,3782814713686
91222f45-063b-4643-be85-b6462dfb422b,activity,e74e6181-2792-407d-9242-819e8f9c3db7,Employee political worry organization.,May-Olson,32,568.7802761618517,402,41609446,9553603703430
81c29e0d-0833-4b01-baee-ae867ad313ff,bad,60a4be26-6aca-487a-a745-e3e3d68f54f9,Summer trade specific country.,"Torres, Brown and Baker",5,815.6621457584115,256,42931171,3869995912449
f4758b72-2b4d-4467-b1d3-6f3bb2f780f0,result,31023e43-11a8-49ed-949c-afe27028dc54,Scientist process this price whom.,Williamson and Sons,21,138.0347310162035,221,93191104,6733971094139
c0be80c4-4861-4d4c-bb35-01f2cc04f9db,live,8b53d980-53e4-4faa-9aad-d82ba3fc0c11,Avoid out lawyer kitchen organization sign foreign until.,Bowman-Mitchell,21,487.7575899345661,37,40549699,1378369869675
fb284b15-3b3b-4ab1-9f9c-4260367dcc42,wish,9f6f0b4f-acb5-4ef7-b786-c7deee3341ae,Which right these media part rise main.,"Richard, Riley and Baker",10,155.35663276958016,405,89120514,4191867392271
b3bf8516-6323-4487-a48a-9358e388532d,brother,49f4e627-c727-411b-999c-3b288afa89e1,Clearly because production by.,Smith Group,9,578.4067962769525,367,35526681,4335092172479
4752c9fa-7510-4e2b-be01-0c2479dbeab6,build,5929ee48-7317-4cd7-bf3c-486093978f63,Above recently challenge wrong race.,"Aguirre, Washington and Williams",5,665.8648407334241,359,35620136,2569142850327
16054652-9c5d-42f3-92c7-31eb67546746,area,d97315db-4837-4bea-8eec-1de5b4d840a0,Economic inside small strategy.,Gonzales Ltd,16,458.1978512898275,131,41335208,7577273384357
5401599f-d296-417e-9b3d-372b494bca70,deal,47e472e3-4d63-4484-8498-678edc5f8627,Beyond upon move various recently.,Rodriguez and Sons,33,602.5201867577305,9,12751488,8414020773639
d017f11e-f2f5-4239-aa37-dc37ae001784,listen,b7e6c228-778f-42ee-9869-9240dacb2059,Occur unit material quality else stuff.,Richardson-Walker,23,328.74407583981343,247,08619556,5689878524204
c6113b36-b550-4543-9c55-7f6a6b81424d,available,a543e98b-1442-4048-8915-d8058f482067,Safe miss join.,Holmes Ltd,16,346.44487705802214,341,88670461,4704342270324
583468db-07a0-4117-b7bf-e8ac9734df30,push,99b93c55-6109-4536-8a30-b0ff6560cf8d,Radio enough middle now.,Dunn-Holmes,34,52.641075246414026,284,06587727,0706691611432
e6b056f8-5f03-4663-b831-458d4a76803f,cold,53e49230-8675-46f5-b212-8dc7a20f404f,Important service worry concern candidate walk prevent left.,Taylor and Sons,2,33.718547493110876,293,07774843,3083050600045
8c4459a0-2063-4920-8799-55684ebd17d8,must,d4f3cb07-e7ba-47d8-bce5-2a3b60874820,Adult present maybe will financial.,Porter and Sons,23,470.79658740433644,32,58119402,3786587170394
f0d1ebeb-b437-471d-838c-fd7f2565b474,fire,382e4791-ee8a-4619-815f-c1b63ef30774,At system hospital same participant effect.,Greene Group,19,228.5454986234598,159,30338104,8620279915618
db2fcbb0-3444-465a-9e20-98b1736885b5,light,8d86aef1-9a01-4e00-af35-b2a582cfa95d,Support hand system every.,Knight and Sons,9,779.7760752279579,63,30619265,8780971483812
aee740a2-f984-4541-b803-cd754c1be793,list,887b7ee1-a560-410b-b36b-40a52534d114,Wall amount forget very.,"Mitchell, Lawson and Brown",22,823.7458027091657,400,67184293,0496794163319
76f7e6b1-5f60-47ad-9fdd-c08237c091d9,particular,916c5a4c-cbf9-4ecd-a016-fe1405367dd6,Early someone him win but maintain break fall.,Jenkins Ltd,30,881.6294995357779,58,38122378,5059084442140
f3361b67-2902-4bb5-98bf-c1e03a668862,because,3f9dd3a3-b786-4cfc-9cd9-d2e95a870c8a,Finish lawyer experience race about.,Castro PLC,31,450.38210122847505,136,97483175,5177051540917
20d062b7-7395-4e7c-8142-993dc792bee0,million,78a3f02a-b8a4-4df9-8630-e109c870d400,Half parent vote total model.,Miller Inc,21,465.84912449855506,331,32289916,1563320436717
f61d0a77-f2fa-4a46-aeef-bd0fd807b411,onto,30e6b227-2b26-4b34-be9a-fb4690ee7b5a,Too heart natural campaign.,Washington Inc,22,405.8587487523005,388,66326335,6872036068897
5093b120-dd4d-4b68-87f4-ba0f6c772473,usually,67b688dd-0fe1-4932-95fa-2894e69f7199,Effort make seat left building southern.,Long Inc,29,551.7486184504069,428,00957519,0503635929574
e624d3dd-2c6e-4fef-a3b4-e2938e220c25,him,20c269c8-7a5f-48f5-be74-f31e2c1d1abf,Medical simply tonight responsibility employee hope.,"Bauer, Baker and Russell",5,779.4681130263776,311,61071841,5011878820190
bb6c85b1-2cf9-47c1-8699-7f4a23548780,kitchen,6afacbee-db9a-446e-9675-70772325d542,Evening full customer attention.,Williams and Sons,20,704.775295775101,473,16667020,6962879560273
d13ab0db-45b0-4cf2-9c4e-1e178744c58b,imagine,bd4b20e0-e138-4655-9d66-3f34aa63dedd,Character also style up course must.,Torres-Lee,2,689.6070821327605,224,75896997,3572734011609
df28d4a3-ce4a-4122-b4c1-16835d0163a7,beautiful,dffe21f7-04f4-46fe-a884-d4711f47ced8,Contain mention with thank operation would company low.,Garner PLC,20,398.9216530608244,51,07277801,4796054028386
9b9425df-f3e6-4fe5-b206-c0a6aa68ef45,institution,24b08342-1329-437c-9404-ff2b7a20da36,Purpose bag positive hope or when.,"Ruiz, Wall and Sharp",33,815.6400750484061,434,75296186,6571110335459
cd3e27aa-64d2-4a4e-9ffa-6f1441917269,former,b95e88e3-9fbe-4b56-b93c-b9c9c6289712,Base beat whatever arm travel size doctor.,Fuentes and Sons,35,264.6432065759046,411,66210832,7948183092746
838fe142-a65c-404d-99fb-b71f995107f6,everybody,f4c6a21e-97fb-4bbf-b51d-042fe98750f9,Whom when decision difficult because then interesting.,Fitzgerald-Underwood,12,305.8924439508593,249,62249140,9818578286723
0974544e-5eb6-40bc-aa01-8491c81dc515,at,92e4764e-aac0-47dc-bcbd-16766367c6ae,Though real head reality enter at.,Ingram Inc,17,620.0792049694253,417,91745347,3718899307519
69776108-e2fc-480c-85ff-6aaec6ff95b6,down,a49a6ed9-4721-497e-bb47-9a8a11ae5e06,What since finally myself wear sister.,"Coleman, Coleman and Meyer",23,720.7162187419661,461,37161446,6320912205022
6543fa86-91e0-4b2c-85b2-4a4fa34c09ee,ask,3ea66f2a-180b-42fb-8c65-414d8c84f5f3,South garden could great.,Sanders LLC,18,916.4920501056513,361,22052582,4728802772920
e36ac0e4-c589-4d50-8716-4a8775ce22cf,wear,b6ac649f-ec77-499b-ae41-7ef6e7403a11,City nearly technology beat range image.,Mccullough-Johnson,6,671.4930109098791,343,58798102,0965666393074
e4c911b7-7e41-4dca-9bd7-f7626e87b744,new,93d3789d-334a-479a-b70b-36df0bd76b88,Professional deal hold yet participant under just.,Hughes-Hopkins,35,985.4730740601361,204,90659799,9209699717119
9e0e6f39-933f-41a4-b77a-17ff9411f8f4,reflect,9b8a2d10-609b-42f7-89ad-066ec6cf5942,Low any government positive.,Stewart-Woods,14,890.3670496110465,457,79463652,7914043514758
a86b9fbb-dd06-4b80-9843-638e44f50817,why,8f57c5e6-97dd-4f5a-9359-228a007430a9,Almost office minute three morning worry forget.,Jones-Diaz,6,321.7174126527298,42,17552851,3112730566453
8d3e5137-69cf-4696-a588-7968bfa2ddc5,skill,cd49791d-b496-44b0-a2e6-635f5c63936d,Look fall pay today forward.,Stephens PLC,11,786.977070636709,450,69138331,9243448245218
cb07d51c-389f-4985-8665-80e27d17ce0d,produce,56bea727-b934-463d-9f2d-0d90b25fc385,Since social leader expert military nearly analysis population.,Thomas-Wolfe,20,120.1762235008763,445,49774603,8185418389311
1f94ca91-4749-4328-961f-e343c06215d2,enough,8e8ec36f-b7fb-4743-8ff8-a79c5e2b1808,Foot tell including try hot city.,"Scott, Wilson and Lee",12,61.9488959177207,209,67749676,8930646877327
f5eafa97-4e44-4c5f-a8b0-71cdd4e9b8e6,education,236598fb-eb50-4e6e-9c71-ba754b3eb62d,At perform practice husband choose pretty.,Riley-Mejia,9,142.89919630318673,170,64044361,7495140045074
a1f64d02-a88d-4997-bb2b-c3cae75e892e,low,ff881af1-964b-4318-9a5e-0b4ef8018ca3,Middle but meet also.,Baker LLC,7,517.5258017432259,281,41034712,8166263175571
c9205d2a-d35d-4368-96c0-49632a2950fa,see,c6ee1a6b-0be1-4a49-913b-2349b8457d17,Congress employee statement policy part weight simply.,Wall-Sampson,27,816.7423374272587,186,62917384,6296763174001
da4265a0-680a-436b-ab40-e857ada70e0e,hour,32e14af4-5eac-47a0-b22a-aab605845910,Behind improve pick college debate top.,Hall-Bailey,14,640.528817310762,369,10217900,6049224727991
53ba19a3-8cae-4479-839e-c9e239ec96bd,pressure,b7c848e1-b7f5-490a-8a03-8c4957c826d9,Tv fast other.,Elliott Inc,12,351.93872687439404,374,96020043,4384586337313
cda53b99-06dd-42a0-b429-89f2925ed5e3,wrong,c23fe4bf-4501-4f34-825b-353e47c1db9f,Popular result big water good.,Smith-Harris,31,297.95151888855554,357,75929268,4310193239207
cb735e7f-d12a-427a-aad5-1646ecc24d39,attorney,094e1eaf-1d35-461c-a83c-7af8d2469e6d,Test sometimes hold open table only should language.,Scott Ltd,12,83.11792247489116,336,27983751,5882170697496
5cdf121c-91ab-413b-a340-9efbc1ae2fc3,section,d5d0d80a-9a55-4c65-a137-7ce7d8b6a26d,Serve game computer hour quality present program.,King-Cordova,10,572.5027139295844,358,46834430,5862923683204
177b5660-b9bc-49de-9b0e-006e8cc7d718,idea,62481f69-bafb-4f9b-965c-3e211d2f2d2c,Sport cost speak work.,"Hopkins, Wolf and Becker",32,338.94855044652604,270,13283674,2196931096583
f16095f5-1997-40cb-a95f-a3d1ed11fca9,local,2771f7dd-4f90-4fde-a73d-51bcab83926a,People others consumer four.,Williams PLC,24,880.5566284596985,352,59486176,2698155113379
ef69d44a-fb2b-4e8b-b4b6-bc23d538b3ef,seem,28ec72a8-d92e-467e-91a7-22cf3bbd6026,Cover table friend baby sound part former thank.,Lee-Taylor,5,856.3866737794993,20,73209720,5686100448437
3c82ca2a-e37f-4838-b32f-498b115c6ef2,process,72d46b0a-9ccc-4c66-b640-72fe3a860e2a,Popular rate as movement age pass head.,Brown-Richmond,7,424.67769059142216,45,49642469,8470024839108
09605f6f-38f1-456a-9e9d-fdb9a756c0b8,trial,af4b9535-f420-446f-a131-362bddf22e6e,Maybe and stand soon want build.,Graham-Crawford,12,205.81504425567655,434,30536623,5144289458277
3ab2a1d2-6dc1-422f-a55e-aab6bf365cc7,remain,8ec18cbd-738f-4a00-99c4-eb713d549104,Wide happy responsibility exactly study.,Jones-Hernandez,7,603.7325175830923,232,11148760,3652073594176
0d8814af-f6d5-4556-ad13-9af4f88b88a2,soldier,d1635f5a-be38-42f8-8647-9199669e80d7,Travel voice pay garden.,"Vasquez, Goodman and Henry",2,746.6287560249917,130,79219143,1934960209526
0b1f069f-ccdd-48d8-8bd6-a05334ff5c56,amount,5e27c520-56a4-479d-a902-00db5f049f5c,Above front authority himself former general ever total.,"Nash, Tucker and Boyd",26,146.45950593960427,245,22083159,3359364637450
f5e00020-bd5c-4953-aed3-739df85d941e,better,4897b249-bfcd-4a07-a2bd-1cc0a53d5479,Front customer entire most market recent space.,Jordan-Lopez,29,167.59927526960914,332,29418244,0728199630128
0b8009ed-b1c6-475d-8622-1c4ffc49bb61,along,72d8af53-2e98-4f09-8fe6-a7bef2531ff7,Plan accept hospital head.,Morgan-Thompson,5,272.6096521662414,199,56024227,7027384218336
4fb61dd7-705c-4c4c-97c8-b1c60487a70a,why,ae4e42d4-e7e9-40a2-b734-0528065391be,Image country school seven.,Clayton-Harris,35,320.7351637695081,21,43683635,6722983890273
34247c0d-1672-4ea4-ad3a-98c144e7b2c5,into,4035c555-2bee-4e43-9799-92dd9fecc879,Water employee size suggest fear send far can.,Phillips-Page,27,498.28592188638186,306,36040483,4865314906716
3f343473-81dd-48ea-8ab5-57c177e7bc79,million,20d6d4ae-85d2-45f8-b539-d6e55c67495b,Weight such goal usually course series reduce.,Collins Inc,19,864.5189814212856,321,81124824,9838434151101
13801fdb-64cd-4720-9343-a631d6dd6844,above,0914dd3b-fc17-46b7-b2bd-b5166b8671e9,Expect position discuss research participant.,"David, Jones and Small",12,402.1955692553653,173,33793535,9183619750755
de84aed0-7057-43af-a48f-1f9ba103ab6e,yes,afe6d43e-e066-4218-bf81-e696732d7981,Degree particular want state who trouble rather.,"Smith, Robinson and Smith",7,607.3974235022143,254,37767938,8915279264300
c59c05da-3c45-4306-9cbc-97f9feefe534,the,e133a322-d406-43cc-b69a-e3c90e9c9196,Because its our strategy wife we.,Ruiz-Sullivan,31,269.1419740094308,408,34754375,3144102324880
8b2be395-a7d0-4900-891d-8d88253b9495,air,57f889b3-5886-4de3-b888-2802bdf2bdbf,These whose maintain trip often act name father.,Watkins-Dean,32,823.5018761854873,338,63232486,3416288504531
b0c7da87-acea-4f5a-836b-53df6b8ca5e7,arrive,c5b4c427-8e87-4af3-9f4b-ddb589e457c0,Decade paper coach doctor because some.,Fields-Johns,15,405.68344795290466,118,48541657,6325674266496
a5e1b6ec-5a7d-4b93-b815-30328ab9d34c,week,492f03e0-cecd-45fb-a404-4a75dac6326e,Can its majority television none office.,Ayala-Reynolds,35,877.9365119208986,317,04940180,6462390477239
c6b30b7a-9f0e-47dd-877a-b8f3e507ba0a,actually,74009458-4e5c-409a-9665-c3233a150c24,Military morning administration believe store.,"Nash, Collier and Novak",11,786.5013692741795,252,69028731,9908706275733
cc343c79-b2e6-4279-87aa-7e1f2d2f933f,can,e626dea2-dfc4-40ce-bc3c-e1825f661d35,Sign professor away area answer.,Reed Ltd,28,914.8726433425035,436,77075963,2501703477765
1058f70c-c8eb-425a-bc2a-25bac1a3b7c6,enter,ba153f63-087d-42e6-8d4b-f7da7e5a60ee,Price article need range public tree throw.,"Scott, Jackson and Roy",19,950.4342603133049,298,68843120,2037406226947
0d5f497e-fceb-42ef-8232-4b722caaed2a,discussion,333ca420-9e7e-4b42-b76d-953077b815d6,Lose fast local interesting her family join.,Richardson PLC,34,316.9693185332072,400,72860021,5500095699707
771eb811-f8c9-4f20-b594-4fd0bebe8ea7,baby,4a0c9c08-2ee1-4774-8811-3c031b3a5431,Approach risk pattern may key sense.,"Waters, Rich and Dunn",19,585.4589194419812,319,33825311,8754366786550
b6c1c8ae-392a-40b1-8d1b-c90cdd039e63,child,02c51e7a-eedf-463b-b251-39e137074169,Town position field television nor.,Perez PLC,23,289.3894208028871,357,06381752,0991056292429
66046917-32df-49bd-b529-84e0b363396a,herself,9540c46f-e363-4503-92ae-295dc23bb2b1,Reality wind plant inside to moment along among.,"Anderson, Casey and Williams",13,600.8935913045772,229,67112289,6853853553964
3b9e5f7d-fb9c-4549-b75f-4c1d27efae9f,produce,6e9979e6-638d-4fac-86dc-53ee98f3a20c,Want defense to.,Ross PLC,17,489.9807466270361,210,14421129,5690307508016
89d67c2f-3974-4b5d-bdd8-05fa057e16dd,and,eab5d504-65d8-4472-8bce-3166c033df3c,Both science business share side animal.,Jackson Inc,23,95.7916205107788,174,44417970,2039186257524
3b117b34-1d8a-43c9-977c-2e8a5424969a,white,aaf3d890-e91a-415e-94aa-6ca71b63ba9d,Turn subject material these reduce improve agree.,Daniels-Trujillo,8,892.2928302621139,368,72634752,5421838745768
46f262b5-220e-4109-96b3-ac856db21662,environment,daec38e1-cdb9-473a-8174-78a7c72805f8,Race wife nature bring show me.,"King, Gonzalez and Martin",9,705.4444697722405,320,51779634,4773439980248
e8d29f9a-2dfe-4d4a-831f-c499b9acfc2f,sing,f5578e83-7dbb-44fe-b7d2-a18a7d2e9df0,Free use suggest suffer.,"Rodriguez, Torres and Smith",23,572.4422427554725,376,89256664,2063520220516
2551f809-b35c-4734-ae15-502c3196c09e,this,b66f42ec-ff99-4ca3-9e7c-f842260534f9,Item than just cost process write.,"Warren, Davis and Diaz",12,387.0935655639544,137,48902823,5141569013478
233ec412-8719-418b-88ec-9e3d9c5511a9,pattern,70ece3f4-e4bd-44e5-8eb8-9d32ce6ca372,Campaign run generation themselves born war analysis hear.,"Rodriguez, Washington and Harris",11,18.929528804599514,240,58446942,0437795975143
d7ea0bd2-1074-444b-a0be-6e1bdb93c584,rather,4bb97029-bb82-4e03-9dfb-00d1a4da2202,New treat light participant term factor.,"Pugh, Tran and Butler",2,744.1847143863787,399,95308449,2276648615229
4a2eca01-600d-4ae2-9d45-d6f92a37f5b6,style,c655ba13-e574-4f4c-aba9-2d6df7c75d2d,History environment sort approach.,"Lopez, Harrington and Brown",12,599.0266163356304,429,62623735,8857437226235
c1da2ddb-4b17-4729-a4fa-e6b988825bfd,term,2661311a-bb3e-46f7-b8e4-05981051f084,Factor country not painting management base both for.,Edwards Group,24,699.019960475631,210,80026280,8936573335886
b892cf32-3eff-4d39-9a84-bb22fdab6663,any,d5686153-5124-40eb-8c0c-2d8446e5b2e3,Page because event third.,Delgado-Le,14,247.17495095054056,138,35861058,3655279094082
e9fb43e8-9b59-41ed-9c47-a9baa66f56f8,high,7fc16c9c-b68f-419e-84a3-f9a5c9db2f77,Near gas hear end today would.,Martinez Ltd,17,608.4426194520059,158,29910427,0482034018600
84d3d6d2-874b-49f1-80a5-0e4306c307b9,resource,b454dd72-e92b-4955-895d-ace99c709770,Family official miss firm defense.,Johnson-Tucker,27,156.987544539934,349,08871992,3748528308013
a44413d8-157b-47ce-ab95-eac852afc8cd,win,4ccc8b77-d928-4388-98e2-cf6211d5a72d,Cut start case half her.,Russo-Jenkins,31,982.3360571934933,252,54650909,5955306490077
6558d6a1-c0c5-4acf-a46b-6f704040c1de,these,504f80db-6178-4e58-b821-2e49fc4e8bd9,Sound actually environmental body when instead.,Casey and Sons,28,583.5341804651586,276,56801118,9210366342305
86e12dcf-9c89-4a18-bebb-1f68752417c3,thus,148bbac3-a29f-4388-8338-65c9fad28dde,Point energy ready walk.,"Mccarthy, Lamb and Beck",33,622.6430813227433,61,76703089,2837428349200
f5fd5234-588f-44c0-8aec-c8c389029366,far,485e55aa-d616-445b-b70c-186f076d76c7,Situation here decide campaign whether option evidence.,Jones-Perry,30,193.56038049825,477,22132215,0051751158809
b583490a-8620-404b-9927-34664c83cb8f,score,00ab5f30-1981-4536-b0e3-b8c84d7d1f41,Those before place.,Kaiser-Ward,27,336.0482783666309,434,34848906,0485720239525
26149fc6-46f5-4ee9-8de4-b9361be867ce,four,77478ddc-2bc2-43b2-8c40-cf4b3169d98d,Your majority number race rather blue.,Levine-James,35,697.9501025673634,461,55283663,2839122983773
a71f8f92-37f3-41ff-9b79-bcfba8be2060,number,76fdb354-8583-46eb-b90e-a0c3a1711e21,Treatment politics one him energy service mission.,Livingston Ltd,15,370.25753491812713,333,22718259,3646026539451
3cb988d2-5781-41d0-9a41-c727b560dc2d,because,67ebbf24-e27b-4066-86b4-be4de90d78d7,Drug candidate challenge interview role.,"Vargas, Jones and Stevens",23,71.04109986008037,48,14896392,0491646387356
f8e58be5-4d0b-4312-8068-708963941baa,mouth,31833457-02b1-4bce-8181-d1a77e2a93b5,Above third ahead citizen early.,Brooks and Sons,29,677.8881247054165,250,06481698,6656808941201
f630c3e0-e505-49db-8da1-79b6b43e512e,wonder,133ec2d3-a8e6-4eec-a67e-7fbe7cbac61f,Development occur travel physical win economy.,Stokes-Owens,17,337.13178772684745,403,04536772,2818807825485
079c4849-77f6-4a32-af21-515dd7b338be,live,224bfbac-10b7-411b-bea5-6cf7940ee9ec,Visit determine know.,Hall-Novak,20,49.61737339867609,48,83550171,7172101840458
e73d02b0-c84c-4331-b7e0-01b4686a5a24,second,3c2fb4b6-1afb-4fe6-b1ea-b7a7510739f8,Court base white wrong campaign group.,"Curry, Lee and Smith",26,228.29867709607632,306,58677063,8384191537784
52305d97-ab71-4ed5-99c3-a9c9593802de,decision,f1eb3bab-1e2b-44d6-8f58-dc03679ed5e0,Something day involve man.,"Holloway, Barnes and Mack",29,553.5228783232217,154,83677519,2284644871068
188ea8f0-8873-4200-9ab3-d68b4fa9fec5,price,53e689cc-081c-4c22-92fc-39a5b4601e98,Statement into mention parent interview create claim about.,"Russell, Soto and Ho",31,159.7909010663994,405,12452743,7432438194113
07a0bd42-5f6c-49c8-9fda-8ce76b25f050,guy,5bcb4d9a-e088-48bb-bc2e-43d4fa536602,Add Congress form western like appear ask.,Martinez LLC,17,242.8401933610034,493,62124577,6558372207823
a10a8f3d-43d5-4325-9739-bbeb9132491a,magazine,a2475304-b361-4579-bd5a-4c4961e7947b,Woman simple course list standard.,Castro-Lee,12,506.2059254703774,376,82519018,8610061891725
f8055da3-157e-4c49-b9ea-6f3b539eb59e,allow,c2db4a9a-bd5e-47a4-8bec-ebd771ed2429,Benefit oil rise carry sure thus raise.,Hernandez-Schneider,3,889.4331860561553,22,18385199,9208056276894
51fc6fd3-4e8b-4483-8725-25cdb6fa4e32,personal,6780fc91-9e14-44e3-808d-13570f216aa3,Congress to table more education same.,Smith-Weaver,10,959.9701542434335,53,93498067,0260388835612
59e670eb-8060-410d-ba43-65ffa8501fcc,magazine,b7a08727-5368-4ddb-b58f-98885dbdce0c,Wait specific a population high writer.,"Haynes, Allen and Rodriguez",10,537.9530572412513,285,77999054,1812060746670
64aa531f-50b8-47d9-b85f-860306c01492,huge,e4203b36-c465-48ca-8a9e-522c829151ea,Foreign treat probably.,Gomez and Sons,17,326.46226453175024,194,31493178,3632174996666
98c72af4-515e-4203-9aa7-3288b636a477,dark,b9d7265e-1ef6-429f-aafe-395d5ac751fe,Reveal attack tree yeah sit wait.,Andrade-Atkins,2,121.44807607958037,366,75602260,3509304487434
e6bf537e-0428-4040-946f-cb36d61602f0,early,6f84b8ef-3a6e-4061-bee6-b28fbaf30b51,Standard fast in happen determine huge support four.,Ballard LLC,15,879.8163092364097,185,75618896,5147416759506
1bb052a5-212f-4545-abfd-ef143fdd53cc,itself,c7fd9cba-b607-4b37-b7eb-44104f279524,Coach Congress rich south carry three.,Roberts LLC,5,824.9793561156603,243,21803826,0927984780547
efdb9e10-1e11-4ef1-8bca-610f8e3b0d7f,task,5d9ada9b-d00e-41fd-9540-e0dd5426e34c,School green firm TV recently.,Choi and Sons,11,976.1722094528044,226,75272173,7949275406847
20664558-ca2b-4ee4-9e60-884d6ddb7547,glass,afdc4cff-7424-4f1f-8770-824e3bd4fba3,Man back check.,Wong-Moore,9,620.8948446737696,493,23296039,5873328190440
0c142082-f834-448f-91fe-5a0204ca388b,offer,f528a07f-a9e2-47d0-9fef-46f85cbdfd88,Activity energy effort late finish response discussion.,Brandt PLC,3,301.8880988333357,308,22536013,7983189027453
b9dd8e99-7b09-4ed3-bbf4-341d087ca5ba,science,d38b1833-50c9-425d-bb81-46f86e5682b6,Sound land such.,Mcneil-Johnson,27,519.6330854024907,318,01928525,9712394954616
988eacd0-6960-43a5-a112-e767be6026da,type,1c9eeda3-f3a8-4a0e-b0d9-a7702e3d8ee2,Address question many.,Norton Ltd,9,754.4244484365679,30,77011794,7099630606280
b2fd1db3-0d34-4e20-b65e-8f8a86bfe7e1,himself,a3f3d1a8-cc3b-4e1d-82ed-feb85954a554,Sign night our herself create tell main city.,Mejia PLC,10,528.1637691597525,116,95168074,8728018121693
bff0c911-458c-42e4-bf1a-c13841ea8498,seven,fe5b95eb-4e89-4efb-8aa9-e86208ecccf0,Entire what material computer.,Harris-Moore,11,828.4069770308195,394,23380844,2822624308236
8d960b16-0603-44e2-af08-bb1d1ee2ab38,despite,8877e175-fe86-4174-a764-76bf55b8016e,Task project ball wish near say.,"Williams, Woodard and Cooper",30,108.94387958350332,2,62163309,7564678304400
5cd9936a-3676-469a-b393-c82d54270400,write,40ff95b3-e3fb-4ffd-b187-fa0b145a6589,Site everybody same customer.,"Wheeler, Nguyen and Anderson",12,655.2924781463121,252,77477606,8437248802356
d29eb22c-a7f9-4f97-957f-c860f9e38b46,play,09e84295-1d52-4b38-a776-9c14673e2371,Together song manage wonder study defense.,Oneal-Oneill,14,68.09773218610985,359,62575331,0217871459138
46774612-3793-4859-884e-eee8b253bb57,several,b28a7c82-d0d3-4ef7-a834-e985900b9b2f,Which free economy both sister kind.,"Walker, White and Warner",25,902.2192736015097,23,56479713,1701733179764
fbb7cfd6-c5bc-421a-a1dc-975030bc1a5e,black,d3aa21b8-4776-4e44-b85b-4eeafcaaa4cf,Cut decade friend yet.,"Atkins, Wilson and Carpenter",6,655.1508435282235,491,00684583,3569484857526
e5a77b38-abe1-42b4-8fbc-31a36a9feb8d,your,034e2476-ef3c-4921-83e5-1ebba938008b,Probably lay either player property stuff worker.,Flynn-Gomez,28,735.9029970963388,0,14824814,3217300157069
fc1a0d53-321a-4884-9f38-07c19bbca1b4,finally,d8184405-2fde-4406-b3c4-91a83006cc7b,Plant discuss laugh himself letter impact machine several.,Gibson Group,22,915.2901450741866,399,42500209,6133090647702
333d864a-9c9e-4560-ac9b-b3dc1375607d,least,627e8c2f-4070-446e-9150-5c594ed4933a,Boy service which customer.,Walker-Curry,30,46.7264070640652,161,26945149,9272949107633
68937ef8-bca1-417c-9e01-7a29da66e1db,three,3a880de9-98ac-4ba0-b109-697fa481847b,Less political dog this Democrat.,"Mills, Moon and Collins",16,531.5636610625583,201,38553950,5271336743670
fab2a026-e8db-4e75-9258-894e21b515c1,population,b6299cdc-2a7d-4a3d-b67f-4149889e0c88,Edge specific boy.,Powell-Fox,11,120.24616871302936,448,17439626,2051881446492
e2f06a8c-c04f-445a-9a1b-6cbce802e192,stop,1c870a5c-270c-4bf1-83b1-c763987c23bb,Store than her general field.,Adams-Todd,1,187.47945395229567,238,05819881,9546087806162
bd675fa5-2a61-4611-965e-b6c7602448c9,thus,73c8e9f5-5c28-45a8-b216-8207aa16b4ee,Rock let within beyond sister matter party.,"Chapman, Orr and Lewis",19,667.9285397752554,112,34583050,4069585669299
48fb0cb1-281a-4c3c-8004-b547bbf522e4,girl,9ced59df-a82c-4ccd-a181-16eb3b5ed3ca,Which which ability maintain officer.,"Stevens, Lopez and Woods",4,135.14136727663745,144,41319680,5575199642652
8a156b38-d673-4236-8dfa-8e0ad01381f4,maybe,7435927d-c317-4e6a-956c-69a59259053f,Population sister around character.,Chandler-Rich,30,950.856945989514,330,30910614,3282771112671
d5125e8c-4003-42ef-ae55-cbbeaf9fb8cf,trade,6a76d341-49ac-41ce-9b55-66087822f54c,Close write social voice hot.,Garrett-Fuller,19,97.23619525243431,278,19301181,3173249679430
71e53890-1ba1-4f7b-a948-c8812859fccb,room,e5440f32-c0c8-4189-9d1e-bb61ca6fd762,Ball area up quite collection.,Finley Inc,6,513.7462028551736,414,04370512,8852771383934
2f34cbc1-647b-4810-8586-7bc8ec83a0ac,all,3d8bec39-6727-4a5b-a4e1-9ce2b7791270,Line professional purpose front clearly change.,"Leonard, Mata and Ward",1,146.7644931673742,276,00545600,7464282622061
52942433-6591-462d-959c-9d17fb61ed84,perform,4acc1e08-434f-4d69-81db-6b0c8ea0f382,Enter plant trial surface contain politics.,"Ferguson, Santos and Jones",2,817.0243429292634,197,76886270,1515601160149
a461022e-f7a5-44d7-a14a-aa1a803285f6,lead,16cd8d29-39a5-4296-a590-b9d09a5a39be,Wrong fill develop air somebody conference consider.,Espinoza-Perez,9,438.2905728829534,59,78877986,5336257885837
3381b8e4-c308-4630-8db3-10f064eeba7e,though,818716b9-c465-45a7-a565-2df8534408d8,Season politics investment should with.,Bell Group,8,285.3084847164761,298,18643091,9305541235999
f0631916-95c6-40ec-84f2-6f4ca171eb1f,paper,c33c31b6-9925-426a-80ec-a61013eadcc7,Simple case both operation.,Cooper-Coleman,30,833.3006195741896,277,80888376,1009152693251
8c2f4d24-18a6-4ae6-81cb-de1e820afd2d,turn,62e5d51a-ffd4-4af4-ada5-7507d0a50242,Minute cup since enough.,Smith-Wolfe,29,860.10986521523,336,06902193,1662142523718
da7a6c67-391a-43e8-9a67-749dff192b4a,TV,ae2dd318-5791-4432-b7f6-7c0a55b7abd4,Green job social training left start health.,Leonard Ltd,23,704.0468282459633,488,28370246,5213760700744
fe7ac4ea-35c8-4876-a5d2-d45e8e3d8889,site,ee805ace-d313-4770-bf04-0af685e69b15,Door hundred affect.,Hamilton Group,17,985.0125935274029,158,91632470,5633415478475
7a2bce73-71a4-4ca0-8393-2c56b546be2f,particular,dea42922-89b7-49dd-becd-b97d0f641a93,Surface research white up indeed.,Payne Group,21,824.4289871940701,280,73609131,5174621305815
abecd6e1-f4ac-42d3-96cc-5bc43d51e2b6,serious,30d43153-9e98-4823-b8dc-46d7557470d0,East animal operation without.,"Washington, Cooper and Ball",34,318.2980005847067,39,59388586,1571868351928
5563aca6-b7bb-4364-9d9e-ac9e4bdea514,sound,3e5601c9-c1b9-4b26-bca9-42019dc26881,College let around road capital.,Villegas and Sons,9,887.4798261303704,470,90972539,7017135144281
614e18e2-5997-4aa0-9d9f-4f8ac4eca588,south,2170945b-cdaf-4728-850b-a427126ff9c2,Inside beautiful through.,Wilson Inc,28,510.57797903155347,200,18858068,9992844653065
98ba0f80-ea18-4bee-9def-1d8621aa4df1,approach,c6596bbb-0f71-4ada-a835-e61a753d2398,Kitchen choose describe court sense.,"Collins, Ramos and Jarvis",25,945.5374241301,195,56717082,8750932960348
a97e06a6-374e-4f28-b18f-2854b72d6f9f,play,b5d9a98e-faa1-4e4a-8bc8-e5cb8c2611f3,Carry husband board.,Scott Ltd,22,55.243515680316534,354,78660939,9505900407238
2f28fa84-0e42-4861-a158-a996a86a3e59,table,d0ddb096-03cc-4ed7-8317-9fc6720ff7b6,Interest record indeed air nice nature order.,Shelton Ltd,33,59.7039006184386,165,05356720,7136401029173
b81834c0-b697-49c7-9f08-316682b7be20,pressure,547f9f80-c077-44f4-a072-87d2b0614a07,Center keep hard would.,Torres Group,32,10.658141613113969,415,81329830,0413963388618
901ca3a0-1471-4f3b-805f-e912357b8b3b,set,10023d37-b12b-48fb-bf45-bcdd996d3bf5,Game item through leg.,Anderson-White,33,982.8085062747953,51,31365307,9557017757720
1d41269b-477a-4349-b002-5d3502ff3194,well,7f6bcdbe-940d-44fb-9f99-6055256dd129,Well class watch should southern.,Martin-Young,8,473.22496997963873,461,77471017,5841476433870
fbc3688b-d8cf-47b6-ab8b-55471b8e2988,adult,97cf015d-c87a-4a8f-a9d4-3ec701493535,Recently place company adult.,Stokes-Short,22,187.63785352185607,151,79056595,0578489920374
6af71991-dce6-46da-8641-1bb1807dbb78,finish,c9067f77-4a79-40be-8f1b-af6da19b3a47,Day song though girl.,Henson-Guerrero,31,170.16868393526676,442,67946112,5847484252373
466582d3-5c25-4af2-a761-cb8ebac145a3,listen,4f17f21f-293f-41a2-8718-ac58a12a89db,Radio present interview democratic apply page per situation.,Jones-Smith,27,416.95965390018006,356,40666235,4155130309106
